Image Name,Weight
IMG_20250312_145536.JPG,300
IMG_20250312_145548.JPG,300
IMG_20250312_145606.JPG,300
IMG_20250312_145623.JPG,300
IMG_20250312_145638.JPG,300
IMG_20250312_145656.JPG,300
IMG_20250312_145707.JPG,300
IMG_20250312_145719.JPG,300
IMG_20250312_145730.JPG,300
IMG_20250312_145744.JPG,300
IMG_20250312_145755.JPG,300
IMG_20250312_145807.JPG,300
IMG_20250312_145821.JPG,300
IMG_20250311_184300.JPG,400
IMG_20250311_184311.JPG,400
IMG_20250311_184323.JPG,400
IMG_20250311_184336.JPG,400
IMG_20250311_184347.JPG,400
IMG_20250311_184400.JPG,400
IMG_20250311_184411.JPG,400
IMG_20250311_184432.JPG,400
IMG_20250311_184446.JPG,400
IMG_20250311_184459.JPG,400
IMG_20250311_184513.JPG,400
IMG_20250311_184526.JPG,400
IMG_20250311_184634.JPG,400
IMG_20250311_184646.JPG,400
IMG_20250313_022721.JPG,400
IMG_20250313_022729.JPG,400
IMG_20250313_022742.JPG,400
IMG_20250313_022759.JPG,400
IMG_20250313_022813.JPG,400
IMG_20250313_022824.JPG,400
IMG_20250311_183816.JPG,450
IMG_20250311_183830.JPG,450
IMG_20250311_183846.JPG,450
IMG_20250311_183900.JPG,450
IMG_20250311_183918.JPG,450
IMG_20250311_183934.JPG,450
IMG_20250311_183948.JPG,450
IMG_20250311_184001.JPG,450
IMG_20250311_184014.JPG,450
IMG_20250311_184028.JPG,450
IMG_20250311_184042.JPG,450
IMG_20250311_184101.JPG,450
IMG_20250311_184115.JPG,450
IMG_20250311_184128.JPG,450
IMG_20250311_184141.JPG,450
IMG_20250313_022445.JPG,450
IMG_20250313_022502.JPG,450
IMG_20250313_022515.JPG,450
IMG_20250313_022535.JPG,450
IMG_20250313_022548.JPG,450
IMG_20250313_022605.JPG,450
IMG_20250313_022619.JPG,450
IMG_20250313_000918.JPG,480
IMG_20250313_000932.JPG,480
IMG_20250313_000943.JPG,480
IMG_20250313_000954.JPG,480
IMG_20250313_001009.JPG,480
IMG_20250313_001053.JPG,480
IMG_20250313_001124.JPG,480
IMG_20250313_000129.JPG,490
IMG_20250313_000143.JPG,490
IMG_20250313_000155.JPG,490
IMG_20250313_000207.JPG,490
IMG_20250313_000220.JPG,490
IMG_20250313_000233.JPG,490
IMG_20250313_000244.JPG,490
IMG_20250311_230937.JPG,500
IMG_20250311_230950.JPG,500
IMG_20250311_231007.JPG,500
IMG_20250311_231025.JPG,500
IMG_20250311_231039.JPG,500
IMG_20250311_231054.JPG,500
IMG_20250311_231109.JPG,500
IMG_20250311_231128.JPG,500
IMG_20250311_231202.JPG,500
IMG_20250311_231232.JPG,500
IMG_20250311_231244.JPG,500
IMG_20250313_001258.JPG,500
IMG_20250313_001307.JPG,500
IMG_20250313_001322.JPG,500
IMG_20250313_001334.JPG,500
IMG_20250313_001349.JPG,500
IMG_20250313_001401.JPG,500
IMG_20250313_001416.JPG,500
IMG_20250313_001427.JPG,500
IMG_20250313_001438.JPG,500
IMG_20250313_001450.JPG,500
IMG_20250313_001503.JPG,500
IMG_20250313_001516.JPG,500
IMG_20250313_001528.JPG,500
IMG_20250313_001539.JPG,500
IMG_20250313_001550.JPG,500
IMG_20250313_001604.JPG,500
IMG_20250313_001616.JPG,500
IMG_20250313_001627.JPG,500
IMG_20250313_001644.JPG,500
IMG_20250311_232951.JPG,550
IMG_20250311_233007.JPG,550
IMG_20250311_233026.JPG,550
IMG_20250311_233042.JPG,550
IMG_20250311_233054.JPG,550
IMG_20250311_233121.JPG,550
IMG_20250311_233136.JPG,550
IMG_20250311_233152.JPG,550
IMG_20250311_233210.JPG,550
IMG_20250311_233225.JPG,550
IMG_20250311_233242.JPG,550
IMG_20250311_233303.JPG,550
IMG_20250311_233325.JPG,550
IMG_20250311_233348.JPG,550
IMG_20250311_233414.JPG,550
IMG_20250311_233428.JPG,550
IMG_20250311_233507.JPG,550
IMG_20250311_233539.JPG,550
IMG_20250311_233557.JPG,550
IMG_20250311_233621.JPG,550
IMG_20250311_233645.JPG,550
IMG_20250311_233704.JPG,550
IMG_20250311_233734.JPG,550
IMG_20250311_233800.JPG,550
IMG_20250311_233814.JPG,550
IMG_20250311_233834.JPG,550
IMG_20250311_233854.JPG,550
IMG_20250311_233941.JPG,550
IMG_20250311_233959.JPG,550
IMG_20250311_234014.JPG,550
IMG_20250311_234026.JPG,550
IMG_20250311_234043.JPG,550
IMG_20250311_234100.JPG,550
IMG_20250311_234115.JPG,550
IMG_20250311_234128.JPG,550
IMG_20250311_234143.JPG,550
IMG_20250311_234204.JPG,550
IMG_20250313_001808.JPG,550
IMG_20250313_001821.JPG,550
IMG_20250313_001832.JPG,550
IMG_20250313_001845.JPG,550
IMG_20250313_001900.JPG,550
IMG_20250313_001911.JPG,550
IMG_20250313_001923.JPG,550
IMG_20250313_001934.JPG,550
IMG_20250313_001947.JPG,550
IMG_20250313_002000.JPG,550
IMG_20250313_002011.JPG,550
IMG_20250313_002022.JPG,550
IMG_20250313_002034.JPG,550
IMG_20250313_002046.JPG,550
IMG_20250313_002101.JPG,550
IMG_20250311_182432.JPG,600
IMG_20250311_182445.JPG,600
IMG_20250311_182457.JPG,600
IMG_20250311_182515.JPG,600
IMG_20250311_182528.JPG,600
IMG_20250311_182544.JPG,600
IMG_20250311_182558.JPG,600
IMG_20250311_182612.JPG,600
IMG_20250311_182627.JPG,600
IMG_20250311_182640.JPG,600
IMG_20250311_182705.JPG,600
IMG_20250311_182717.JPG,600
IMG_20250311_182731.JPG,600
IMG_20250311_182743.JPG,600
IMG_20250311_182757.JPG,600
IMG_20250311_182812.JPG,600
IMG_20250311_182824.JPG,600
IMG_20250311_182840.JPG,600
IMG_20250311_182921.JPG,600
IMG_20250311_182934.JPG,600
IMG_20250311_182947.JPG,600
IMG_20250311_183000.JPG,600
IMG_20250311_183012.JPG,600
IMG_20250311_183027.JPG,600
IMG_20250311_183041.JPG,600
IMG_20250311_183055.JPG,600
IMG_20250311_183110.JPG,600
IMG_20250311_183121.JPG,600
IMG_20250311_183133.JPG,600
IMG_20250311_183148.JPG,600
IMG_20250311_183213.JPG,600
IMG_20250313_013159.JPG,600
IMG_20250313_013212.JPG,600
IMG_20250313_013225.JPG,600
IMG_20250313_013239.JPG,600
IMG_20250313_013300.JPG,600
IMG_20250313_013313.JPG,600
IMG_20250313_013327.JPG,600
IMG_20250313_013339.JPG,600
IMG_20250313_013402.JPG,600
IMG_20250313_013414.JPG,600
IMG_20250313_022150.JPG,600
IMG_20250313_022201.JPG,600
IMG_20250313_022212.JPG,600
IMG_20250313_022227.JPG,600
IMG_20250313_022247.JPG,600
IMG_20250313_022259.JPG,600
IMG_20250313_022311.JPG,600
IMG_20250313_022324.JPG,600
IMG_20250306_111637.JPG,650
IMG_20250306_111654.JPG,650
IMG_20250306_111706.JPG,650
IMG_20250306_111717.JPG,650
IMG_20250306_111731.JPG,650
IMG_20250311_180914.JPG,650
IMG_20250311_180932.JPG,650
IMG_20250311_180945.JPG,650
IMG_20250311_181007.JPG,650
IMG_20250311_181022.JPG,650
IMG_20250311_181044.JPG,650
IMG_20250311_181100.JPG,650
IMG_20250311_181122.JPG,650
IMG_20250311_181138.JPG,650
IMG_20250311_181154.JPG,650
IMG_20250311_181215.JPG,650
IMG_20250311_181230.JPG,650
IMG_20250311_181245.JPG,650
IMG_20250311_181303.JPG,650
IMG_20250311_181325.JPG,650
IMG_20250311_181339.JPG,650
IMG_20250311_181356.JPG,650
IMG_20250311_181410.JPG,650
IMG_20250311_181427.JPG,650
IMG_20250311_181806.JPG,650
IMG_20250311_181818.JPG,650
IMG_20250311_181836.JPG,650
IMG_20250311_181852.JPG,650
IMG_20250311_181909.JPG,650
IMG_20250311_181922.JPG,650
IMG_20250311_181937.JPG,650
IMG_20250311_182000.JPG,650
IMG_20250311_182019.JPG,650
IMG_20250311_182034.JPG,650
IMG_20250311_182055.JPG,650
IMG_20250311_182113.JPG,650
IMG_20250311_182126.JPG,650
IMG_20250311_182149.JPG,650
IMG_20250311_182203.JPG,650
IMG_20250313_000508.JPG,650
IMG_20250313_000522.JPG,650
IMG_20250313_000535.JPG,650
IMG_20250313_000546.JPG,650
IMG_20250313_000611.JPG,650
IMG_20250313_000624.JPG,650
IMG_20250313_000645.JPG,650
IMG_20250313_000702.JPG,650
IMG_20250313_000715.JPG,650
IMG_20250313_000724.JPG,650
IMG_20250313_000733.JPG,650
IMG_20250313_000747.JPG,650
IMG_20250313_000758.JPG,650
IMG_20250313_000810.JPG,650
IMG_20250313_000820.JPG,650
IMG_20250311_231459.JPG,700
IMG_20250311_231513.JPG,700
IMG_20250311_231527.JPG,700
IMG_20250311_231547.JPG,700
IMG_20250311_231605.JPG,700
IMG_20250311_231626.JPG,700
IMG_20250311_231642.JPG,700
IMG_20250311_231704.JPG,700
IMG_20250311_231852.JPG,700
IMG_20250311_231915.JPG,700
IMG_20250311_231942.JPG,700
IMG_20250311_232013.JPG,700
IMG_20250311_232035.JPG,700
IMG_20250311_232120.JPG,700
IMG_20250311_232134.JPG,700
IMG_20250311_232157.JPG,700
IMG_20250311_232214.JPG,700
IMG_20250311_232238.JPG,700
IMG_20250311_232259.JPG,700
IMG_20250311_232327.JPG,700
IMG_20250311_232340.JPG,700
IMG_20250311_232355.JPG,700
IMG_20250311_232418.JPG,700
IMG_20250311_232440.JPG,700
IMG_20250311_232502.JPG,700
IMG_20250311_232552.JPG,700
IMG_20250311_232613.JPG,700
IMG_20250311_232628.JPG,700
IMG_20250311_232647.JPG,700
IMG_20250311_232700.JPG,700
IMG_20250311_232722.JPG,700
IMG_20250313_002458.JPG,720
IMG_20250313_002513.JPG,720
IMG_20250313_002648.JPG,720
IMG_20250313_002659.JPG,720
IMG_20250313_002710.JPG,720
IMG_20250313_002724.JPG,720
IMG_20250313_002742.JPG,720
IMG_20250311_180234.JPG,750
IMG_20250311_180251.JPG,750
IMG_20250311_180319.JPG,750
IMG_20250311_180342.JPG,750
IMG_20250311_180422.JPG,750
IMG_20250311_180442.JPG,750
IMG_20250311_180459.JPG,750
IMG_20250311_180519.JPG,750
IMG_20250311_180533.JPG,750
IMG_20250311_180601.JPG,750
IMG_20250311_180618.JPG,750
IMG_20250313_002200.JPG,750
IMG_20250313_002211.JPG,750
IMG_20250313_002227.JPG,750
IMG_20250313_002237.JPG,750
IMG_20250313_002250.JPG,750
IMG_20250313_002304.JPG,750
IMG_20250313_002324.JPG,750
IMG_20250313_002345.JPG,750
IMG_20250311_120847.JPG,800
IMG_20250311_120905.JPG,800
IMG_20250311_120926.JPG,800
IMG_20250311_120949.JPG,800
IMG_20250311_121005.JPG,800
IMG_20250311_121021.JPG,800
IMG_20250311_121033.JPG,800
IMG_20250311_121047.JPG,800
IMG_20250311_121100.JPG,800
IMG_20250311_121116.JPG,800
IMG_20250311_121136.JPG,800
IMG_20250313_003012.JPG,800
IMG_20250313_003024.JPG,800
IMG_20250313_003040.JPG,800
IMG_20250313_003053.JPG,800
IMG_20250313_003102.JPG,800
IMG_20250313_003115.JPG,800
IMG_20250313_003124.JPG,800
IMG_20250313_003142.JPG,800
IMG_20250313_003201.JPG,800
IMG_20250313_003214.JPG,800
IMG_20250313_003226.JPG,800
IMG_20250313_003240.JPG,800
IMG_20250313_015236.JPG,800
IMG_20250313_015257.JPG,800
IMG_20250313_015312.JPG,800
IMG_20250313_015330.JPG,800
IMG_20250313_015350.JPG,800
IMG_20250313_015407.JPG,800
IMG_20250311_175800.JPG,850
IMG_20250311_175824.JPG,850
IMG_20250311_175840.JPG,850
IMG_20250311_175858.JPG,850
IMG_20250311_175914.JPG,850
IMG_20250311_175942.JPG,850
IMG_20250311_180005.JPG,850
IMG_20250311_180027.JPG,850
IMG_20250311_180056.JPG,850
IMG_20250313_012850.JPG,850
IMG_20250313_012905.JPG,850
IMG_20250313_012915.JPG,850
IMG_20250313_012937.JPG,850
IMG_20250313_012951.JPG,850
IMG_20250313_013007.JPG,850
IMG_20250313_013020.JPG,850
IMG_20250306_112803.JPG,900
IMG_20250306_112814.JPG,900
IMG_20250306_112830.JPG,900
IMG_20250306_112858.JPG,900
IMG_20250306_112911.JPG,900
IMG_20250306_112925.JPG,900
IMG_20250306_112939.JPG,900
IMG_20250306_112950.JPG,900
IMG_20250306_113023.JPG,900
IMG_20250306_113041.JPG,900
IMG_20250310_094302.JPG,900
IMG_20250310_094349.JPG,900
IMG_20250310_094424.JPG,900
IMG_20250310_094540.JPG,900
IMG_20250310_094603.JPG,900
IMG_20250313_013626.JPG,900
IMG_20250313_013654.JPG,900
IMG_20250313_014438.JPG,900
IMG_20250313_014458.JPG,900
IMG_20250313_014515.JPG,900
IMG_20250313_014558.JPG,900
IMG_20250313_014617.JPG,900
IMG_20250313_014630.JPG,900
IMG_20250313_014644.JPG,900
IMG_20250313_014657.JPG,900
IMG_20250313_014711.JPG,900
IMG_20250313_014727.JPG,900
IMG_20250313_014741.JPG,900
IMG_20250313_014757.JPG,900
IMG_20250313_014810.JPG,900
IMG_20250313_014822.JPG,900
IMG_20250313_022944.JPG,900
IMG_20250313_022959.JPG,900
IMG_20250313_023013.JPG,900
IMG_20250313_023027.JPG,900
IMG_20250313_023043.JPG,900
IMG_20250313_023056.JPG,900
IMG_20250313_023111.JPG,900
IMG_20250306_113142.JPG,950
IMG_20250306_113202.JPG,950
IMG_20250306_113217.JPG,950
IMG_20250306_113235.JPG,950
IMG_20250306_113251.JPG,950
IMG_20250311_114202.JPG,950
IMG_20250311_114218.JPG,950
IMG_20250311_114231.JPG,950
IMG_20250311_114249.JPG,950
IMG_20250311_114305.JPG,950
IMG_20250311_114318.JPG,950
IMG_20250311_114333.JPG,950
IMG_20250311_114345.JPG,950
IMG_20250311_114402.JPG,950
IMG_20250311_114424.JPG,950
IMG_20250311_114447.JPG,950
IMG_20250311_114501.JPG,950
IMG_20250311_114517.JPG,950
IMG_20250311_114534.JPG,950
IMG_20250311_114555.JPG,950
IMG_20250311_114628.JPG,950
IMG_20250311_114646.JPG,950
IMG_20250311_114700.JPG,950
IMG_20250311_114714.JPG,950
IMG_20250311_114727.JPG,950
IMG_20250311_114746.JPG,950
IMG_20250311_114800.JPG,950
IMG_20250311_114818.JPG,950
IMG_20250311_114836.JPG,950
IMG_20250311_114856.JPG,950
IMG_20250311_114914.JPG,950
IMG_20250311_114937.JPG,950
IMG_20250313_023324.JPG,950
IMG_20250313_023334.JPG,950
IMG_20250313_023353.JPG,950
IMG_20250313_023403.JPG,950
IMG_20250313_023417.JPG,950
IMG_20250313_023429.JPG,950
IMG_20250313_023445.JPG,950
IMG_20250313_023459.JPG,950
IMG_20250313_023514.JPG,950
IMG_20250313_023535.JPG,950
IMG_20250313_023552.JPG,950
IMG_20250313_023603.JPG,950
IMG_20250313_023615.JPG,950
IMG_20250313_023626.JPG,950
IMG_20250313_023642.JPG,950
IMG_20250313_023703.JPG,950
IMG_20250311_115221.JPG,1000
IMG_20250311_115247.JPG,1000
IMG_20250311_115305.JPG,1000
IMG_20250311_115331.JPG,1000
IMG_20250311_115406.JPG,1000
IMG_20250311_115424.JPG,1000
IMG_20250311_115439.JPG,1000
IMG_20250311_115501.JPG,1000
IMG_20250311_115516.JPG,1000
IMG_20250311_115534.JPG,1000
IMG_20250311_115612.JPG,1000
IMG_20250311_115627.JPG,1000
IMG_20250311_115657.JPG,1000
IMG_20250311_115717.JPG,1000
IMG_20250311_115734.JPG,1000
IMG_20250311_115751.JPG,1000
IMG_20250311_115806.JPG,1000
IMG_20250311_115820.JPG,1000
IMG_20250311_115843.JPG,1000
IMG_20250311_115937.JPG,1000
IMG_20250311_115958.JPG,1000
IMG_20250311_120017.JPG,1000
IMG_20250311_120031.JPG,1000
IMG_20250311_120048.JPG,1000
IMG_20250311_120117.JPG,1000
IMG_20250311_120137.JPG,1000
IMG_20250311_120200.JPG,1000
IMG_20250311_120221.JPG,1000
IMG_20250311_120235.JPG,1000
IMG_20250311_120254.JPG,1000
IMG_20250311_120309.JPG,1000
IMG_20250311_120327.JPG,1000
IMG_20250311_120346.JPG,1000
IMG_20250311_120359.JPG,1000
IMG_20250311_120420.JPG,1000
IMG_20250311_120447.JPG,1000
IMG_20250311_120503.JPG,1000
IMG_20250311_120521.JPG,1000
IMG_20250311_120534.JPG,1000
IMG_20250311_120555.JPG,1000
IMG_20250311_120618.JPG,1000
IMG_20250311_120645.JPG,1000
IMG_20250311_120708.JPG,1000
IMG_20250311_120727.JPG,1000
IMG_20250313_014954.JPG,1000
IMG_20250313_015004.JPG,1000
IMG_20250313_015022.JPG,1000
IMG_20250313_015047.JPG,1000
IMG_20250313_015102.JPG,1000
IMG_20250313_015118.JPG,1000
IMG_20250313_020209.JPG,1000
IMG_20250313_020230.JPG,1000
IMG_20250313_020244.JPG,1000
IMG_20250313_020307.JPG,1000
IMG_20250313_020330.JPG,1000
IMG_20250313_020359.JPG,1000
IMG_20250313_020434.JPG,1000
IMG_20250313_020455.JPG,1000
IMG_20250313_020508.JPG,1000
IMG_20250313_020519.JPG,1000
IMG_20250313_020532.JPG,1000
IMG_20250313_020547.JPG,1000
IMG_20250313_020558.JPG,1000
IMG_20250313_020621.JPG,1000
IMG_20250313_020645.JPG,1000
IMG_20250313_020659.JPG,1000
IMG_20250313_020715.JPG,1000
IMG_20250313_020732.JPG,1000
IMG_20250313_020748.JPG,1000
IMG_20250313_020801.JPG,1000
IMG_20250313_020812.JPG,1000
IMG_20250313_020826.JPG,1000
IMG_20250313_020843.JPG,1000
IMG_20250313_020858.JPG,1000
IMG_20250313_020912.JPG,1000
IMG_20250313_020926.JPG,1000
IMG_20250313_020947.JPG,1000
IMG_20250306_112528.JPG,1050
IMG_20250306_112542.JPG,1050
IMG_20250306_112555.JPG,1050
IMG_20250306_112613.JPG,1050
IMG_20250306_112627.JPG,1050
IMG_20250306_112640.JPG,1050
IMG_20250311_113117.JPG,1050
IMG_20250311_113146.JPG,1050
IMG_20250311_113204.JPG,1050
IMG_20250311_113215.JPG,1050
IMG_20250311_113230.JPG,1050
IMG_20250311_113412.JPG,1050
IMG_20250311_113623.JPG,1050
IMG_20250311_113649.JPG,1050
IMG_20250311_113717.JPG,1050
IMG_20250311_113737.JPG,1050
IMG_20250311_113755.JPG,1050
IMG_20250311_113814.JPG,1050
IMG_20250311_113834.JPG,1050
IMG_20250311_113850.JPG,1050
IMG_20250311_113902.JPG,1050
IMG_20250306_111404.JPG,1100
IMG_20250306_111414.JPG,1100
IMG_20250306_111434.JPG,1100
IMG_20250306_111451.JPG,1100
IMG_20250306_111500.JPG,1100
IMG_20250306_111514.JPG,1100
IMG_20250306_111529.JPG,1100
IMG_20250310_100605.JPG,1100
IMG_20250310_100621.JPG,1100
IMG_20250310_100639.JPG,1100
IMG_20250310_100655.JPG,1100
IMG_20250310_100722.JPG,1100
IMG_20250310_100738.JPG,1100
IMG_20250310_100759.JPG,1100
IMG_20250310_100816.JPG,1100
IMG_20250310_100833.JPG,1100
IMG_20250310_100848.JPG,1100
IMG_20250310_100903.JPG,1100
IMG_20250310_100917.JPG,1100
IMG_20250310_100929.JPG,1100
IMG_20250306_113453.JPG,1150
IMG_20250306_113512.JPG,1150
IMG_20250306_113539.JPG,1150
IMG_20250306_113654.JPG,1150
IMG_20250306_113727.JPG,1150
IMG_20250311_163059.JPG,1150
IMG_20250311_163114.JPG,1150
IMG_20250311_163132.JPG,1150
IMG_20250311_163158.JPG,1150
IMG_20250311_163213.JPG,1150
IMG_20250311_163231.JPG,1150
IMG_20250311_163246.JPG,1150
IMG_20250311_163310.JPG,1150
IMG_20250311_163330.JPG,1150
IMG_20250311_163405.JPG,1150
IMG_20250311_163430.JPG,1150
IMG_20250311_163504.JPG,1150
IMG_20250306_110333.JPG,1250
IMG_20250306_110406.JPG,1250
IMG_20250306_110430.JPG,1250
IMG_20250306_110445.JPG,1250
IMG_20250306_110500.JPG,1250
IMG_20250306_110516.JPG,1250
IMG_20250306_110532.JPG,1250
IMG_20250310_100032.JPG,1250
IMG_20250310_100048.JPG,1250
IMG_20250310_100117.JPG,1250
IMG_20250310_100136.JPG,1250
IMG_20250310_100156.JPG,1250
IMG_20250310_100228.JPG,1250
IMG_20250310_100249.JPG,1250
IMG_20250310_100305.JPG,1250
IMG_20250310_100335.JPG,1250
IMG_20250310_100353.JPG,1250
IMG_20250310_100412.JPG,1250
IMG_20250310_100428.JPG,1250
IMG_20250310_100444.JPG,1250
IMG_20250306_111858.JPG,1300
IMG_20250306_112007.JPG,1300
IMG_20250306_112019.JPG,1300
IMG_20250306_112044.JPG,1300
IMG_20250306_112056.JPG,1300
IMG_20250306_112107.JPG,1300
IMG_20250306_112117.JPG,1300
IMG_20250306_112128.JPG,1300
IMG_20250306_112139.JPG,1300
IMG_20250306_112147.JPG,1300
IMG_20250310_094736.JPG,1300
IMG_20250310_094755.JPG,1300
IMG_20250310_094810.JPG,1300
IMG_20250310_094823.JPG,1300
IMG_20250310_094848.JPG,1300
IMG_20250310_094921.JPG,1300
IMG_20250310_094940.JPG,1300
IMG_20250310_094959.JPG,1300
IMG_20250310_095028.JPG,1300
IMG_20250310_095047.JPG,1300
IMG_20250310_095114.JPG,1300
IMG_20250310_095132.JPG,1300
IMG_20250310_095151.JPG,1300
IMG_20250310_224819.JPG,1350
IMG_20250310_224848.JPG,1350
IMG_20250310_224904.JPG,1350
IMG_20250310_224920.JPG,1350
IMG_20250310_224940.JPG,1350
IMG_20250310_224957.JPG,1350
IMG_20250311_163805.JPG,1400
IMG_20250311_163826.JPG,1400
IMG_20250311_163843.JPG,1400
IMG_20250311_163905.JPG,1400
IMG_20250311_163932.JPG,1400
IMG_20250311_164000.JPG,1400
IMG_20250311_164021.JPG,1400
IMG_20250311_164039.JPG,1400
IMG_20250311_164053.JPG,1400
IMG_20250311_164113.JPG,1400
IMG_20250311_164135.JPG,1400
IMG_20250311_164153.JPG,1400
IMG_20250311_164239.JPG,1400
IMG_20250311_164307.JPG,1400
IMG_20250311_164321.JPG,1400
IMG_20250311_164418.JPG,1400
IMG_20250311_164454.JPG,1400
IMG_20250311_164524.JPG,1400
IMG_20250311_164606.JPG,1400
IMG_20250311_164724.JPG,1400
IMG_20250311_164746.JPG,1400
IMG_20250311_175238.JPG,1450
IMG_20250311_175301.JPG,1450
IMG_20250311_175329.JPG,1450
IMG_20250311_175353.JPG,1450
IMG_20250311_175417.JPG,1450
IMG_20250311_175502.JPG,1450
IMG_20250311_175528.JPG,1450
IMG_20250311_175552.JPG,1450
IMG_20250311_175626.JPG,1450
IMG_20250306_102706.JPG,1500
IMG_20250306_102816.JPG,1500
IMG_20250306_102833.JPG,1500
IMG_20250306_102845.JPG,1500
IMG_20250306_102856.JPG,1500
IMG_20250306_102921.JPG,1500
IMG_20250306_102940.JPG,1500
IMG_20250310_090934.JPG,1500
IMG_20250310_090945.JPG,1500
IMG_20250310_091006.JPG,1500
IMG_20250310_091020.JPG,1500
IMG_20250310_091033.JPG,1500
IMG_20250310_091047.JPG,1500
IMG_20250310_091113.JPG,1500
IMG_20250310_091609.JPG,1500
IMG_20250310_091627.JPG,1500
IMG_20250310_091639.JPG,1500
IMG_20250310_091657.JPG,1500
IMG_20250310_091708.JPG,1500
IMG_20250313_021829.JPG,1500
IMG_20250313_021845.JPG,1500
IMG_20250313_021904.JPG,1500
IMG_20250313_021920.JPG,1500
IMG_20250313_021932.JPG,1500
IMG_20250313_021949.JPG,1500
IMG_20250313_022014.JPG,1500
IMG_20250313_022033.JPG,1500
IMG_20250306_105553.JPG,1550
IMG_20250306_105607.JPG,1550
IMG_20250306_105627.JPG,1550
IMG_20250306_105645.JPG,1550
IMG_20250306_105659.JPG,1550
IMG_20250306_105736.JPG,1550
IMG_20250306_105751.JPG,1550
IMG_20250306_105842.JPG,1550
IMG_20250306_105856.JPG,1550
IMG_20250306_105908.JPG,1550
IMG_20250306_105920.JPG,1550
IMG_20250306_105950.JPG,1550
IMG_20250306_110003.JPG,1550
IMG_20250306_110032.JPG,1550
IMG_20250306_110045.JPG,1550
IMG_20250306_110059.JPG,1550
IMG_20250311_005434.JPG,1550
IMG_20250311_005624.JPG,1550
IMG_20250311_005644.JPG,1550
IMG_20250311_005709.JPG,1550
IMG_20250311_005730.JPG,1550
IMG_20250311_005750.JPG,1550
IMG_20250311_005813.JPG,1550
IMG_20250311_005830.JPG,1550
IMG_20250311_005849.JPG,1550
IMG_20250311_005906.JPG,1550
IMG_20250311_005930.JPG,1550
IMG_20250311_005957.JPG,1550
IMG_20250311_010017.JPG,1550
IMG_20250311_010042.JPG,1550
IMG_20250311_010121.JPG,1550
IMG_20250311_010143.JPG,1550
IMG_20250311_010206.JPG,1550
IMG_20250311_123307.JPG,1600
IMG_20250311_123322.JPG,1600
IMG_20250311_123336.JPG,1600
IMG_20250311_123400.JPG,1600
IMG_20250311_123420.JPG,1600
IMG_20250311_123440.JPG,1600
IMG_20250311_123542.JPG,1600
IMG_20250311_123605.JPG,1600
IMG_20250311_123619.JPG,1600
IMG_20250311_123635.JPG,1600
IMG_20250311_123655.JPG,1600
IMG_20250311_123715.JPG,1600
IMG_20250311_123733.JPG,1600
IMG_20250311_123751.JPG,1600
IMG_20250311_123810.JPG,1600
IMG_20250311_123836.JPG,1600
IMG_20250311_123901.JPG,1600
IMG_20250311_123919.JPG,1600
IMG_20250311_123943.JPG,1600
IMG_20250311_124004.JPG,1600
IMG_20250311_124023.JPG,1600
IMG_20250311_124105.JPG,1600
IMG_20250311_124130.JPG,1600
IMG_20250311_124214.JPG,1600
IMG_20250311_124250.JPG,1600
IMG_20250311_124311.JPG,1600
IMG_20250311_124326.JPG,1600
IMG_20250311_124354.JPG,1600
IMG_20250311_124409.JPG,1600
IMG_20250311_124429.JPG,1600
IMG_20250310_225925.JPG,1650
IMG_20250310_225941.JPG,1650
IMG_20250310_230300.JPG,1650
IMG_20250310_230322.JPG,1650
IMG_20250310_230341.JPG,1650
IMG_20250310_230356.JPG,1650
IMG_20250310_230411.JPG,1650
IMG_20250310_230430.JPG,1650
IMG_20250313_021145.JPG,1650
IMG_20250313_021156.JPG,1650
IMG_20250313_021214.JPG,1650
IMG_20250313_021231.JPG,1650
IMG_20250313_021331.JPG,1650
IMG_20250313_021346.JPG,1650
IMG_20250313_021358.JPG,1650
IMG_20250313_021412.JPG,1650
IMG_20250313_021431.JPG,1650
IMG_20250313_021447.JPG,1650
IMG_20250313_021503.JPG,1650
IMG_20250313_021520.JPG,1650
IMG_20250313_021654.JPG,1650
IMG_20250310_093354.JPG,1700
IMG_20250310_093413.JPG,1700
IMG_20250310_093438.JPG,1700
IMG_20250310_093455.JPG,1700
IMG_20250310_093520.JPG,1700
IMG_20250310_093548.JPG,1700
IMG_20250310_093612.JPG,1700
IMG_20250310_093828.JPG,1700
IMG_20250310_093851.JPG,1700
IMG_20250310_093913.JPG,1700
IMG_20250310_093928.JPG,1700
IMG_20250310_093947.JPG,1700
IMG_20250310_094005.JPG,1700
IMG_20250310_094035.JPG,1700
IMG_20250310_094106.JPG,1700
IMG_20250310_094129.JPG,1700
IMG_20250310_094145.JPG,1700
IMG_20250310_092140.JPG,1750
IMG_20250310_092154.JPG,1750
IMG_20250310_092217.JPG,1750
IMG_20250310_092232.JPG,1750
IMG_20250310_092249.JPG,1750
IMG_20250310_092311.JPG,1750
IMG_20250310_092332.JPG,1750
IMG_20250311_122256.JPG,1800
IMG_20250311_122331.JPG,1800
IMG_20250311_122409.JPG,1800
IMG_20250311_122432.JPG,1800
IMG_20250311_122510.JPG,1800
IMG_20250311_122532.JPG,1800
IMG_20250311_122601.JPG,1800
IMG_20250311_122624.JPG,1800
IMG_20250311_122643.JPG,1800
IMG_20250311_122715.JPG,1800
IMG_20250311_122731.JPG,1800
IMG_20250311_122748.JPG,1800
IMG_20250311_122801.JPG,1800
IMG_20250311_122822.JPG,1800
IMG_20250311_122842.JPG,1800
IMG_20250311_122859.JPG,1800
IMG_20250311_122920.JPG,1800
IMG_20250311_122942.JPG,1800
IMG_20250310_225212.JPG,1850
IMG_20250310_225238.JPG,1850
IMG_20250310_225300.JPG,1850
IMG_20250310_225327.JPG,1850
IMG_20250310_225355.JPG,1850
IMG_20250310_225409.JPG,1850
IMG_20250310_225435.JPG,1850
IMG_20250310_225457.JPG,1850
IMG_20250310_225514.JPG,1850
IMG_20250310_225538.JPG,1850
IMG_20250310_225559.JPG,1850
IMG_20250310_225625.JPG,1850
IMG_20250310_225645.JPG,1850
IMG_20250310_225715.JPG,1850
IMG_20250310_225732.JPG,1850
IMG_20250310_225748.JPG,1850
IMG_20250310_225803.JPG,1850
IMG_20250311_004439.JPG,1900
IMG_20250311_004455.JPG,1900
IMG_20250311_004518.JPG,1900
IMG_20250311_004536.JPG,1900
IMG_20250311_004559.JPG,1900
IMG_20250311_004617.JPG,1900
IMG_20250311_004638.JPG,1900
IMG_20250311_004708.JPG,1900
IMG_20250311_004728.JPG,1900
IMG_20250311_004744.JPG,1900
IMG_20250311_004841.JPG,1900
IMG_20250311_004901.JPG,1900
IMG_20250311_004915.JPG,1900
IMG_20250311_004935.JPG,1900
IMG_20250311_004954.JPG,1900
IMG_20250311_005016.JPG,1900
